Año,Indice de explosividad volcánica,Tipo de volcán,Flag Tsunami,Flag Terremoto,Nombre y pais
1280,6,Caldera,False,False,Quilotoa (Ecuador)
1540,4,Domo de lava,True,False,Augustine (Alaska-SW)
1660,6,Volcán complejo,True,False,Long Island (New Guinea-NE of)
1858,,Estratovolcán,False,True,Tate-yama (Honshu-Japan)
1864,2,Estratovolcán,False,False,Kelut (Java)
1873,2,Estratovolcán,False,False,Ragang (Mindanao-Philippines)
1902,3,Estratovolcán,False,False,Tori-shima (Izu Is-Japan)
1907,2,Volcán en escudo,False,False,Alayta (Africa-NE)
1909,2,Estratovolcán,False,False,Semeru (Java)
1919,4,Estratovolcán,False,False,Kelut (Java)
1919,,Estratovolcán,False,False,Nasu (Honshu-Japan)
1920,3,Estratovolcán,False,False,Izalco (El Salvador)
1938,,Estratovolcán,False,False,Bandai (Honshu-Japan)
1949,3,Estratovolcán,False,False,Villarrica (Chile-C)
1963,3,Estratovolcán,False,False,Fuego (Guatemala)
1968,3,Estratovolcán,False,False,Mayon (Luzon-Philippines)
1985,3,Estratovolcán,False,False,Semeru (Java)
1992,2,Volcán complejo,False,False,Marapi (Sumatra)
2001,2,Estratovolcán,False,False,Stromboli (Italy)
2004,4,Estratovolcán,False,False,Manam (New Guinea-NE of)
2010,,Estratovolcán,True,True,Sarigan (Mariana Is-C Pacific)
2018,2,Estratovolcán,False,True,Etna (Italy)
2020,,Estratovolcán,False,False,Taal (Luzon-Philippines)
1357,4,Volcán subglacial,False,False,Katla (Iceland-S)
1586,5,Estratovolcán,False,False,Kelut (Java)
1730,,Cono piroclástico,False,False,Tseax River Cone (Canada)
1823,0,Volcán en escudo,False,False,Kilauea (Hawaiian Is)
1832,3,Estratovolcán,False,False,Merapi (Java)
1838,2,Estratovolcán,False,False,Gamalama (Halmahera-Indonesia)
1858,2,Estratovolcán,False,False,Mayon (Luzon-Philippines)
1872,3,Caldera,False,False,Aso (Kyushu-Japan)
1879,2,Estratovolcán,True,False,Stromboli (Italy)
1893,2,Estratovolcán,False,False,Azuma (Honshu-Japan)
1918,3,volcán submarino,True,False,Banua Wuhu (Sangihe Is-Indonesia)
1940,2,Estratovolcán,False,False,Miyake-jima (Izu Is-Japan)
1966,3,Estratovolcán,True,False,Tinakula (Santa Cruz Is-SW Pac)
1970,3,Estratovolcán,False,False,Hekla (Iceland-S)
1974,4,Estratovolcán,False,False,Fuego (Guatemala)
1975,2,Volcán complejo,False,False,Marapi (Sumatra)
1977,1,Caldera,False,False,Krafla (Iceland-NE)
1984,,Volcán complejo,False,False,On-take (Honshu-Japan)
1989,,Caldera,False,False,Aso (Kyushu-Japan)
1991,,Volcán complejo,False,False,Mutnovsky (Kamchatka)
1991,5,Estratovolcán,False,False,"Hudson, Cerro (Chile-S)"
1992,,Volcán complejo,False,False,Dieng Volc Complex (Java)
1993,2,Estratovolcán,False,False,Mayon (Luzon-Philippines)
1995,,Volcán complejo,False,False,Kelimutu (Lesser Sunda Is)
2015,,Domo de lava,False,False,Okataina (New Zealand)
2018,,Estratovolcán,True,False,Kadovar (New Guinea-NE of)
-1750,6,Estratovolcán,False,False,Veniaminof (Alaska Peninsula)
847,6,Estratovolcán,False,False,Bona-Churchill (Alaska-E)
930,6,Estratovolcán,False,False,Ceboruco (Mexico)
1158,4,Estratovolcán,False,False,Hekla (Iceland-S)
1329,1,Estratovolcán,False,False,Etna (Italy)
1510,4,Estratovolcán,False,False,Hekla (Iceland-S)
1615,3,Caldera,False,False,Banda Api (Banda Sea)
1617,3,Estratovolcán,False,False,Fuego (Guatemala)
1646,4,Estratovolcán,False,False,Makian (Halmahera-Indonesia)
1677,2,Estratovolcán,False,False,La Palma (Canary Is)
1784,0,Volcán en escudo,False,False,Hualalai (Hawaiian Is)
1800,5,Estratovolcán,False,False,St. Helens (US-Washington)
1820,2,Caldera,False,False,Banda Api (Banda Sea)
1827,2,Estratovolcán,True,True,Avachinsky (Kamchatka)
1843,2,Estratovolcán,False,False,Etna (Italy)
1847,2,Volcán complejo,False,False,Dieng Volc Complex (Java)
1857,,Volcán complejo,True,True,Umboi (New Guinea-NE of)
1866,2,Volcán en escudo,True,False,Ofu-Olosega (Samoa-SW Pacific)
1870,2,Estratovolcán,False,False,Ruang (Sangihe Is-Indonesia)
1870,3,Volcán complejo,False,False,Iliwerung (Lesser Sunda Is)
1885,3,Estratovolcán,False,True,Purace (Colombia)
1897,2,Estratovolcán,True,False,Tinakula (Santa Cruz Is-SW Pac)
1902,4,Estratovolcán,True,False,Soufriere St. Vincent (W Indies)
1903,,Volcán en escudo,False,False,Karthala (Indian O-W)
1932,3,Estratovolcán,False,False,Kusatsu-Shirane (Honshu-Japan)
1951,2,volcán submarino,True,False,Kavachi (Solomon Is-SW Pacifi)
1971,,Estratovolcán,False,False,Kusatsu-Shirane (Honshu-Japan)
1991,1,Estratovolcán,False,False,Lokon-Empung (Sulawesi-Indonesia)
1995,3,Volcán complejo,False,False,Pacaya (Guatemala)
1998,,Volcán en escudo,False,False,Kilauea (Hawaiian Is)
1999,2,Estratovolcán,False,False,Fuego (Guatemala)
2011,3,Estratovolcán,False,False,Gamalama (Halmahera-Indonesia)
2017,,Estratovolcán,False,False,Sinabung (Sumatra)
-1890,6,Estratovolcán,False,False,"Hudson, Cerro (Chile-S)"
-455,4,Estratovolcán,False,False,Cotopaxi (Ecuador)
240,6,Estratovolcán,False,False,Ksudach (Kamchatka)
1362,5,Estratovolcán,False,False,Oraefajokull (Iceland-SE)
1385,3,Estratovolcán,False,False,Kelut (Java)
1630,4,Estratovolcán,False,False,Furnas (Azores)
1669,3,Estratovolcán,False,True,Etna (Italy)
1670,2,Volcán en escudo,False,False,Aoba (Vanuatu-SW Pacific)
1690,3,Volcán complejo,False,False,Guntur (Java)
1766,3,Estratovolcán,False,False,Mayon (Luzon-Philippines)
1780,3,Estratovolcán,False,False,Aoga-shima (Izu Is-Japan)
1784,4,Caldera,False,False,Grimsvotn (Iceland-NE)
1890,2,Estratovolcán,False,False,Victory (New Guinea)
1913,1,Volcán complejo,False,False,Asama (Honshu-Japan)
1926,3,Estratovolcán,False,False,Tokachi (Hokkaido-Japan)
1932,4,Estratovolcán,False,False,Fuego (Guatemala)
1964,2,Estratovolcán,False,False,Villarrica (Chile-C)
1967,3,Caldera,True,False,Deception Island (Antarctica)
1974,2,Estratovolcán,False,False,Merapi (Java)
1977,1,Estratovolcán,False,False,Nyiragongo (Africa-C)
1988,3,Estratovolcán,False,False,Lonquimay (Chile-C)
1991,1,Volcán complejo,False,False,Unzen (Kyushu-Japan)
1993,1,Estratovolcán,False,False,Guagua Pichincha (Ecuador)
2008,3,Estratovolcán,False,False,Tungurahua (Ecuador)
2011,3,Estratovolcán,False,False,Nabro (Africa-NE)
2013,,Estratovolcán,False,False,Ubinas (Peru)
2014,,Estratovolcán,False,False,Sinabung (Sumatra)
2015,,Estratovolcán,False,False,Sinabung (Sumatra)
416,,Caldera,True,False,Krakatau (Indonesia)
1311,3,Estratovolcán,False,False,Kelut (Java)
1410,3,Estratovolcán,False,False,Nasu (Honshu-Japan)
1672,2,Estratovolcán,False,False,Fayal (Azores)
1780,,Estratovolcán,True,False,Sakura-jima (Kyushu-Japan)
1800,2,Estratovolcán,False,False,Kieyo (Africa-E)
1803,2,Volcán complejo,False,False,Asama (Honshu-Japan)
1894,3,Escudo piroclástico,False,False,Ambrym (Vanuatu-SW Pacific)
1910,2,Estratovolcán,False,False,Usu (Hokkaido-Japan)
1911,2,Volcán complejo,False,False,Asama (Honshu-Japan)
1917,3,Estratovolcán,False,True,San Salvador (El Salvador)
1923,,Estratovolcán,False,False,Tangkubanparahu (Java)
1923,2,Volcán en escudo,False,False,Kirishima (Kyushu-Japan)
1929,4,Estratovolcán,False,False,Komaga-take (Hokkaido-Japan)
1929,3,Estratovolcán,False,False,Santa Maria (Guatemala)
1939,1,volcán submarino,True,False,Kick-'em-Jenny (W Indies)
1951,3,Estratovolcán,False,False,Kelut (Java)
1966,4,Estratovolcán,False,False,Awu (Sangihe Is-Indonesia)
1971,2,Estratovolcán,False,False,Villarrica (Chile-C)
1974,2,Domo de lava,False,False,Niigata-Yake-yama (Honshu-Japan)
1977,0,Volcán en escudo,False,False,Karthala (Indian O-W)
1978,2,Estratovolcán,False,False,Bulusan (Luzon-Philippines)
1982,5,Cono de toba,False,False,"Chichon, El (Mexico)"
1986,,Volcán complejo,False,False,Akita-Yake-yama (Honshu-Japan)
2001,2,Estratovolcán,False,False,Etna (Italy)
2018,1,Volcán en escudo,False,False,Kilauea (Hawaiian Is)
-1645,6,Caldera,False,False,Aniakchak (Alaska Peninsula)
1636,3,Estratovolcán,False,False,Hekla (Iceland-S)
1669,3,Estratovolcán,False,False,Etna (Italy)
1698,3,Volcán complejo,True,False,Vesuvius (Italy)
1706,2,Estratovolcán,True,False,Tenerife (Canary Is)
1707,4,Estratovolcán,False,True,Fuji (Honshu-Japan)
1826,2,Volcán complejo,False,False,Dieng Volc Complex (Java)
1832,2,Estratovolcán,False,False,Etna (Italy)
1835,5,Estratovolcán,False,False,Cosiguina (Nicaragua)
1860,,Caldera,False,False,Grimsvotn (Iceland-NE)
1871,2,Estratovolcán,False,False,Gamalama (Halmahera-Indonesia)
1872,4,Estratovolcán,False,False,Sinarka (Kuril Is)
1899,4,Estratovolcán,False,False,Dona Juana (Colombia)
1905,2,Volcán complejo,False,False,Vesuvius (Italy)
1924,2,Volcán en escudo,False,False,Kilauea (Hawaiian Is)
1931,3,Volcán complejo,False,False,Asama (Honshu-Japan)
1947,2,Estratovolcán,False,False,Mayon (Luzon-Philippines)
1957,2,Estratovolcán,False,True,Vsevidof (Aleutian Is)
1963,2,Caldera,False,False,Batur (Lesser Sunda Is)
1967,3,Estratovolcán,False,False,"Lengai, Ol Doinyo (Africa-E)"
1969,3,Estratovolcán,False,False,Iya (Lesser Sunda Is)
1988,3,Estratovolcán,False,False,Semeru (Java)
1990,2,Caldera,False,False,Aso (Kyushu-Japan)
1994,,Estratovolcán,False,True,Huila (Colombia)
1999,4,Estratovolcán,False,False,Shiveluch (Kamchatka)
1999,3,Estratovolcán,False,False,Tungurahua (Ecuador)
2019,2,Estratovolcán,False,False,White Island (New Zealand)
920,4,Volcán subglacial,False,False,Katla (Iceland-S)
1104,5,Estratovolcán,False,False,Hekla (Iceland-S)
1151,1,Filas de cráteres,False,False,Krisuvik (Iceland-SW)
1206,2,Estratovolcán,False,False,Hekla (Iceland-S)
1329,3,Estratovolcán,True,True,Etna (Italy)
1485,2,Caldera,False,False,Aso (Kyushu-Japan)
1550,3,Volcán complejo,False,False,Dukono (Halmahera-Indonesia)
1576,3,Estratovolcán,False,False,Colima (Mexico)
1580,4,Volcán subglacial,False,False,Katla (Iceland-S)
1598,2,Volcán complejo,False,False,Asama (Honshu-Japan)
1730,2,Respiradero de fisura,False,False,Lanzarote (Canary Is)
1772,3,Estratovolcán,False,False,Papandayan (Java)
1781,4,Estratovolcán,True,False,Sakura-jima (Kyushu-Japan)
1826,2,Caldera,False,False,Aso (Kyushu-Japan)
1840,0,Volcán en escudo,True,False,Kilauea (Hawaiian Is)
1840,3,Estratovolcán,False,False,Savo (Solomon Is-SW Pacifi)
1850,2,Escudo piroclástico,False,False,Rabaul (New Britain-SW Pac)
1858,,Estratovolcán,False,False,Tate-yama (Honshu-Japan)
1883,2,Volcán en escudo,False,False,Karthala (Indian O-W)
1887,3,Estratovolcán,False,False,Mayon (Luzon-Philippines)
1890,2,Estratovolcán,False,False,Makian (Halmahera-Indonesia)
1902,4,Estratovolcán,True,False,Pelee (W Indies)
1902,6,Estratovolcán,False,False,Santa Maria (Guatemala)
1936,3,Volcán complejo,False,False,Asama (Honshu-Japan)
1937,2,Estratovolcán,False,False,Llaima (Chile-C)
1943,3,Volcán en escudo,False,False,"Azul, Cerro (Galapagos)"
1951,4,Estratovolcán,False,False,Lamington (New Guinea)
1970,,Caldera,False,False,Campi Flegrei (Italy)
1981,3,Estratovolcán,False,False,Semeru (Java)
1983,1,Volcán complejo,True,False,Iliwerung (Lesser Sunda Is)
1985,1,Estratovolcán,False,False,Etna (Italy)
1990,3,Estratovolcán,False,False,Sabancaya (Peru)
1990,,Estratovolcán,False,False,Nyiragongo (Africa-C)
1997,3,Estratovolcán,False,False,Semeru (Java)
1999,3,Estratovolcán,True,False,Soufriere Hills (W Indies)
2000,2,Estratovolcán,False,False,Merapi (Java)
1593,5,Estratovolcán,False,False,Raung (Java)
1609,,Cono piroclástico,False,False,Tengchong (China-S)
1692,4,Estratovolcán,False,False,Serua (Banda Sea)
1718,2,Estratovolcán,False,False,Pico (Azores)
1846,,Caldera,False,False,Taupo (New Zealand)
1866,2,Volcán en escudo,False,False,Santorini (Greece)
1877,0,Volcán en escudo,True,True,Mauna Loa (Hawaiian Is)
1883,3,Cono de lava,False,False,Bagana (Bougainville-SW Paci)
1886,4,Volcán en escudo,False,False,Niuafo'ou (Tonga-SW Pacific)
1896,2,Volcán en escudo,False,False,Kirishima (Kyushu-Japan)
1902,4,Estratovolcán,True,False,Pelee (W Indies)
1914,,Volcán en escudo,False,False,Aoba (Vanuatu-SW Pacific)
1923,1,Estratovolcán,False,False,Papandayan (Java)
1928,2,Volcán en escudo,False,False,Santorini (Greece)
1947,,Estratovolcán,False,False,Akagi (Honshu-Japan)
1963,5,Estratovolcán,True,False,Agung (Lesser Sunda Is)
1963,2,Estratovolcán,False,False,Semeru (Java)
1965,4,Estratovolcán,True,False,Taal (Luzon-Philippines)
1973,3,volcán submarino,False,False,Vestmannaeyjar (Iceland-S)
1974,3,Estratovolcán,False,False,Karangetang [Api Siau] (Sangihe Is-Indonesia)
1975,0,Volcán en escudo,True,True,Kilauea (Hawaiian Is)
1982,5,Cono de toba,False,False,"Chichon, El (Mexico)"
1986,3,Maar,False,False,Oku Volc Field (Africa-W)
1992,3,Estratovolcán,False,False,Semeru (Java)
1994,3,Estratovolcán,False,False,Yasur (Vanuatu-SW Pacific)
1998,,Estratovolcán,False,False,San Cristobal (Nicaragua)
2004,2,Estratovolcán,False,False,Tengger Caldera (Java)
2007,,Estratovolcán,False,False,Huila (Colombia)
2008,,Caldera,False,False,Chaiten (Chile-S)
2008,3,Estratovolcán,True,False,Kasatochi (Aleutian Is)
2017,,Estratovolcán,False,False,Merapi (Java)
-1610,7,Volcán en escudo,True,True,Santorini (Greece)
-150,,Volcán complejo,False,False,St. Andrew Strait (Admiralty Is-SW Paci)
-100,6,Volcán en escudo,False,False,Okmok (Aleutian Is)
1341,3,Estratovolcán,False,False,Hekla (Iceland-S)
1430,,Caldera,False,False,Kuwae (Vanuatu-SW Pacific)
1510,4,Estratovolcán,False,False,Hekla (Iceland-S)
1580,6,Escudo piroclástico,False,False,Billy Mitchell (Bougainville-SW Paci)
1698,3,Estratovolcán,False,False,Cereme (Java)
1716,4,Estratovolcán,True,True,Taal (Luzon-Philippines)
1717,3,Estratovolcán,False,False,Fuego (Guatemala)
1721,5,Volcán subglacial,False,False,Katla (Iceland-S)
1819,,Estratovolcán,True,False,Asuncion (Mariana Is-C Pacific)
1845,3,Estratovolcán,False,False,Ruiz (Colombia)
1895,2,Volcán en escudo,False,False,Kirishima (Kyushu-Japan)
1901,,Estratovolcán,True,True,Epi (Vanuatu-SW Pacific)
1907,0,volcán submarino,True,True,Unnamed (Tonga-SW Pacific)
1928,,Caldera,True,False,Krakatau (Indonesia)
1940,2,Estratovolcán,False,False,"Lengai, Ol Doinyo (Africa-E)"
1946,2,Estratovolcán,False,False,Semeru (Java)
1953,3,Estratovolcán,False,False,Merapi (Java)
1954,,Estratovolcán,False,False,Tate-yama (Honshu-Japan)
1961,2,Volcán complejo,False,False,Asama (Honshu-Japan)
1962,3,Estratovolcán,False,False,Tokachi (Hokkaido-Japan)
1963,3,Estratovolcán,False,True,Agung (Lesser Sunda Is)
1969,2,Volcán compuesto,True,False,Didicas (Luzon-N of)
1997,1,Estratovolcán,False,False,Karangetang [Api Siau] (Sangihe Is-Indonesia)
2000,3,Estratovolcán,False,False,Semeru (Java)
2009,,Volcán en escudo,False,False,Kilauea (Hawaiian Is)
2011,,Estratovolcán,False,False,Merapi (Java)
-1900,6,Estratovolcán,False,False,Black Peak (Alaska Peninsula)
1477,6,Estratovolcán,False,False,Bardarbunga (Iceland-NE)
1597,3,Estratovolcán,False,False,Raung (Java)
1673,5,Estratovolcán,True,False,Gamkonora (Halmahera-Indonesia)
1754,4,Estratovolcán,True,True,Taal (Luzon-Philippines)
1768,4,Estratovolcán,False,False,Cotopaxi (Ecuador)
1792,2,Volcán complejo,True,True,Unzen (Kyushu-Japan)
1814,4,Estratovolcán,False,False,Mayon (Luzon-Philippines)
1815,7,Estratovolcán,True,False,Tambora (Lesser Sunda Is)
1818,4,Estratovolcán,False,False,Colima (Mexico)
1854,3,Estratovolcán,True,False,Alaid (Kuril Is)
1863,,Estratovolcán,True,True,Yasur (Vanuatu-SW Pacific)
1872,4,Estratovolcán,False,False,Merapi (Java)
1884,,Caldera,True,False,Krakatau (Indonesia)
1888,3,Estratovolcán,True,False,Ritter Island (New Guinea-NE of)
1888,4,Estratovolcán,False,False,Bandai (Honshu-Japan)
1913,2,Estratovolcán,False,False,Semeru (Java)
1916,4,Estratovolcán,False,False,Tungurahua (Ecuador)
1920,3,Estratovolcán,False,False,Merapi (Java)
1946,2,Estratovolcán,False,False,Semeru (Java)
1948,2,Volcán complejo,False,False,Iliwerung (Lesser Sunda Is)
1950,3,Estratovolcán,False,False,Camiguin (Mindanao-Philippines)
1950,2,Volcán complejo,False,False,Asama (Honshu-Japan)
1951,,Estratovolcán,True,True,Cosiguina (Nicaragua)
1956,5,Estratovolcán,True,False,Bezymianny (Kamchatka)
1958,2,Caldera,True,False,Kuwae (Vanuatu-SW Pacific)
1967,3,Estratovolcán,False,False,Semeru (Java)
1974,3,Estratovolcán,False,False,Sakura-jima (Kyushu-Japan)
1979,1,Volcán complejo,False,False,Dieng Volc Complex (Java)
1984,3,Estratovolcán,False,False,Mayon (Luzon-Philippines)
1988,3,Caldera,False,False,Banda Api (Banda Sea)
1993,1,Caldera,False,False,Krakatau (Indonesia)
1996,2,Estratovolcán,True,False,Karymsky (Kamchatka)
1997,,Estratovolcán,True,False,Soufriere Hills (W Indies)
2006,2,Estratovolcán,False,False,Bulusan (Luzon-Philippines)
2007,4,Estratovolcán,False,False,Manam (New Guinea-NE of)
2007,,Estratovolcán,False,False,"Tair, Jebel at (Red Sea)"
2011,,Volcán en escudo,False,False,Kirishima (Kyushu-Japan)
2012,,Volcán en escudo,False,False,Tolbachik (Kamchatka)
2018,1,Volcán en escudo,True,True,Kilauea (Hawaiian Is)
2020,,Estratovolcán,True,True,Ijen (Java)
-197,3,Volcán en escudo,True,True,Santorini (Greece)
60,6,Estratovolcán,False,False,Bona-Churchill (Alaska-E)
1631,5,Volcán complejo,True,True,Vesuvius (Italy)
1682,3,Volcán complejo,False,False,Vesuvius (Italy)
1757,0,Respiradero de fisura,False,True,San Jorge (Azores)
1812,4,Estratovolcán,False,False,Soufriere St. Vincent (W Indies)
1827,2,Estratovolcán,False,False,Avachinsky (Kamchatka)
1846,2,Estratovolcán,False,False,Tangkubanparahu (Java)
1856,4,Estratovolcán,False,False,Komaga-take (Hokkaido-Japan)
1883,4,Domo de lava,True,False,Augustine (Alaska-SW)
1914,4,Estratovolcán,True,True,Sakura-jima (Kyushu-Japan)
1919,3,Estratovolcán,True,False,Stromboli (Italy)
1927,1,Estratovolcán,False,False,Esjufjoll (Iceland-SE)
1944,2,Volcán complejo,False,False,Vesuvius (Italy)
1949,3,Estratovolcán,False,False,Camiguin (Mindanao-Philippines)
1953,2,volcán submarino,True,False,Myojun Knoll (Izu Is-Japan)
1968,3,Estratovolcán,False,False,Arenal (Costa Rica)
1972,,Volcán complejo,False,False,Hakone (Honshu-Japan)
1981,2,Estratovolcán,False,False,Alaid (Kuril Is)
1990,,Estratovolcán,False,False,Kelut (Java)
1997,3,Estratovolcán,False,False,Soufriere Hills (W Indies)
2002,3,Estratovolcán,False,False,Semeru (Java)
2006,3,Estratovolcán,False,False,Tungurahua (Ecuador)
-3580,6,Estratovolcán,False,False,Taal (Luzon-Philippines)
-2040,6,Volcán complejo,False,False,Long Island (New Guinea-NE of)
653,6,Caldera,False,False,Dakataua (New Britain-SW Pac)
683,6,Escudo piroclástico,False,False,Rabaul (New Britain-SW Pac)
950,,Volcán subglacial,False,False,Katla (Iceland-S)
1580,3,Respiradero de fisura,False,False,San Jorge (Azores)
1581,4,Estratovolcán,False,False,Fuego (Guatemala)
1608,3,Estratovolcán,True,False,Gamalama (Halmahera-Indonesia)
1625,5,Volcán subglacial,False,False,Katla (Iceland-S)
1660,4,Estratovolcán,False,False,Teon (Banda Sea)
1773,2,Estratovolcán,False,False,Gamalama (Halmahera-Indonesia)
1779,2,Volcán complejo,False,False,Vesuvius (Italy)
1801,2,Estratovolcán,False,False,Chokai (Honshu-Japan)
1804,3,Caldera,False,False,Shikotsu (Hokkaido-Japan)
1820,2,Estratovolcán,True,True,Westdahl (Aleutian Is)
1845,4,Estratovolcán,False,False,Hekla (Iceland-S)
1867,2,Volcán complejo,False,False,Zao (Honshu-Japan)
1870,2,Volcán en escudo,False,False,Aoba (Vanuatu-SW Pacific)
1910,,Caldera,False,False,Taupo (New Zealand)
1952,,Volcán complejo,False,False,Hakone (Honshu-Japan)
1953,2,Caldera,False,False,Aso (Kyushu-Japan)
1963,3,Estratovolcán,False,False,Irazu (Costa Rica)
1974,1,Estratovolcán,True,False,Ritter Island (New Guinea-NE of)
1986,2,Estratovolcán,False,False,Merapi (Java)
1987,3,Volcán complejo,False,False,Pacaya (Guatemala)
1990,,Escudo piroclástico,False,False,Rabaul (New Britain-SW Pac)
1993,,Estratovolcán,False,False,Pinatubo (Luzon-Philippines)
2000,2,Estratovolcán,True,True,Miyake-jima (Izu Is-Japan)
2006,1,Estratovolcán,False,False,Mayon (Luzon-Philippines)
2009,,Estratovolcán,False,False,Redoubt (Alaska-SW)
2016,,Estratovolcán,False,False,Sinabung (Sumatra)
2018,,Estratovolcán,False,False,Kusatsu-Shirane (Honshu-Japan)
2019,2,Estratovolcán,False,False,Stromboli (Italy)
-1860,6,Estratovolcán,False,False,St. Helens (US-Washington)
230,6,Caldera,False,False,Taupo (New Zealand)
1169,,Estratovolcán,True,True,Etna (Italy)
1566,3,Volcán en escudo,False,False,Kirishima (Kyushu-Japan)
1597,4,Estratovolcán,False,False,Hekla (Iceland-S)
1640,3,Estratovolcán,False,False,Tungurahua (Ecuador)
1650,4,Volcán en escudo,True,False,Santorini (Greece)
1660,4,Volcán subglacial,False,False,Katla (Iceland-S)
1672,3,Estratovolcán,False,False,Merapi (Java)
1679,,Volcán en escudo,False,True,Zukur (Red Sea)
1717,3,Volcán en escudo,False,False,Kirishima (Kyushu-Japan)
1741,4,Estratovolcán,True,False,Oshima-Oshima (Hokkaido-Japan)
1753,2,Caldera,False,False,Grimsvotn (Iceland-NE)
1780,4,Estratovolcán,True,False,Sakura-jima (Kyushu-Japan)
1817,4,Estratovolcán,False,False,Raung (Java)
1833,2,Estratovolcán,False,False,Kaba (Sumatra)
1841,2,Estratovolcán,False,False,Kuchinoerabu-jima (Ryukyu Is)
1843,0,Estratovolcán,True,False,Liamuiga (W Indies)
1871,2,Estratovolcán,True,False,Ruang (Sangihe Is-Indonesia)
1899,2,Estratovolcán,False,False,Manam (New Guinea-NE of)
1900,2,Volcán en escudo,False,False,Kirishima (Kyushu-Japan)
1928,3,Estratovolcán,False,False,Mayon (Luzon-Philippines)
1937,4,Escudo piroclástico,True,True,Rabaul (New Britain-SW Pac)
1946,2,Estratovolcán,False,False,Sakura-jima (Kyushu-Japan)
1953,0,Volcán complejo,True,False,St. Andrew Strait (Admiralty Is-SW Paci)
1976,3,Estratovolcán,False,False,Sangay (Ecuador)
1977,3,Estratovolcán,False,False,Kliuchevskoi (Kamchatka)
1981,,Estratovolcán,False,False,Mayon (Luzon-Philippines)
1992,1,Estratovolcán,False,False,Karangetang [Api Siau] (Sangihe Is-Indonesia)
1994,3,Escudo piroclástico,True,False,Rabaul (New Britain-SW Pac)
1997,2,Estratovolcán,False,False,Merapi (Java)
2005,4,Estratovolcán,False,False,Manam (New Guinea-NE of)
2006,,Estratovolcán,False,False,Raoul Island (Kermadec Is)
2014,,Estratovolcán,False,False,Fogo (Cape Verde Is)
2015,2,Estratovolcán,False,False,Manam (New Guinea-NE of)
1334,3,Estratovolcán,False,False,Kelut (Java)
1564,3,Estratovolcán,False,False,Gamkonora (Halmahera-Indonesia)
1711,3,Estratovolcán,False,False,Awu (Sangihe Is-Indonesia)
1873,,Volcán complejo,False,False,Vesuvius (Italy)
1877,4,Estratovolcán,False,False,Cotopaxi (Ecuador)
1892,3,Estratovolcán,True,False,Awu (Sangihe Is-Indonesia)
1895,2,Estratovolcán,False,False,Semeru (Java)
1895,2,Estratovolcán,False,False,Karkar (New Guinea-NE of)
1902,,Estratovolcán,True,False,Pelee (W Indies)
1904,2,Volcán en escudo,False,False,Karthala (Indian O-W)
1906,3,Volcán complejo,True,False,Vesuvius (Italy)
1928,1,Estratovolcán,False,False,Etna (Italy)
1929,3,Estratovolcán,False,False,Calbuco (Chile-S)
1930,3,Estratovolcán,False,False,Merapi (Java)
1933,3,Estratovolcán,True,False,Kharimkotan (Kuril Is)
1933,4,Estratovolcán,False,False,Kuchinoerabu-jima (Ryukyu Is)
1950,1,Estratovolcán,False,False,Semeru (Java)
1972,2,Volcán en escudo,False,False,"Fournaise, Piton de la (Indian O-W)"
1978,3,Estratovolcán,False,False,Usu (Hokkaido-Japan)
1979,,Volcán complejo,True,False,Iliwerung (Lesser Sunda Is)
1996,,Estratovolcán,False,False,Maderas (Nicaragua)
2002,4,Estratovolcán,False,False,Reventador (Ecuador)
2011,4,Estratovolcán,False,False,Tungurahua (Ecuador)
2016,,Caldera,False,False,Aso (Kyushu-Japan)
-1010,5,Estratovolcán,False,False,Tungurahua (Ecuador)
350,,Domo de lava,False,False,Augustine (Alaska-SW)
1311,4,Volcán subglacial,False,False,Katla (Iceland-S)
1587,4,Estratovolcán,False,False,Merapi (Java)
1716,2,Estratovolcán,False,False,Kelut (Java)
1729,1,Estratovolcán,False,False,Bardarbunga (Iceland-NE)
1742,3,Estratovolcán,False,False,Cotopaxi (Ecuador)
1772,3,Estratovolcán,True,False,Gamalama (Halmahera-Indonesia)
1775,3,Estratovolcán,False,False,Lokon-Empung (Sulawesi-Indonesia)
1840,3,Estratovolcán,False,False,Ararat (Turkey)
1871,3,Estratovolcán,False,False,Mayon (Luzon-Philippines)
1874,2,Estratovolcán,False,False,Taal (Luzon-Philippines)
1883,6,Caldera,True,False,Krakatau (Indonesia)
1885,2,Estratovolcán,False,False,Semeru (Java)
1919,0,Volcán en escudo,True,False,Mauna Loa (Hawaiian Is)
1939,1,Volcán complejo,False,False,Dieng Volc Complex (Java)
1952,2,volcán submarino,True,False,Myojun Knoll (Izu Is-Japan)
1952,1,Volcán compuesto,False,False,Ambalatungan Group (Luzon-Philippines)
1961,3,Estratovolcán,False,False,Calbuco (Chile-S)
1978,3,Estratovolcán,False,False,Semeru (Java)
1984,,Maar,False,False,Oku Volc Field (Africa-W)
1986,2,Estratovolcán,False,False,Stromboli (Italy)
1987,,Volcán complejo,False,True,Sirung (Lesser Sunda Is)
1993,,Volcán en escudo,False,False,Kilauea (Hawaiian Is)
1996,3,Estratovolcán,False,False,Popocatepetl (Mexico)
2006,3,Estratovolcán,False,False,Tungurahua (Ecuador)
2010,,Estratovolcán,False,False,Sinabung (Sumatra)
2016,,Caldera,False,False,Yellowstone (US-Wyoming)
50,6,Escudo piroclástico,False,False,Ambrym (Vanuatu-SW Pacific)
590,,Estratovolcán,False,False,San Salvador (El Salvador)
1302,,Volcán complejo,False,False,Ischia (Italy)
1568,3,Estratovolcán,False,False,Savo (Solomon Is-SW Pacifi)
1570,,Estratovolcán,False,False,Mombacho (Nicaragua)
1663,5,Estratovolcán,False,False,Usu (Hokkaido-Japan)
1693,,Estratovolcán,False,True,Etna (Italy)
1755,4,Volcán subglacial,False,False,Katla (Iceland-S)
1843,2,Estratovolcán,False,False,Lamongan (Java)
1872,3,Volcán complejo,False,False,Vesuvius (Italy)
1878,2,Volcán en escudo,True,True,Okmok (Aleutian Is)
1913,3,Escudo piroclástico,False,False,Ambrym (Vanuatu-SW Pacific)
1949,2,Estratovolcán,False,False,Purace (Colombia)
1957,2,Caldera,False,False,Aso (Kyushu-Japan)
1963,3,Estratovolcán,False,False,Irazu (Costa Rica)
1971,3,Estratovolcán,False,False,Fuego (Guatemala)
1992,3,Cono de ceniza,False,False,"Negro, Cerro (Nicaragua)"
1997,,Estratovolcán,False,False,Hakkoda Group (Honshu-Japan)
1997,,Estratovolcán,False,False,Adatara (Honshu-Japan)
1997,,Caldera,False,False,Aso (Kyushu-Japan)
2004,1,Estratovolcán,False,False,Egon (Lesser Sunda Is)
2013,,Estratovolcán,False,False,Paluweh (Lesser Sunda Is)
2013,,Estratovolcán,False,False,Sakura-jima (Kyushu-Japan)
2015,,Estratovolcán,False,False,Karangetang [Api Siau] (Sangihe Is-Indonesia)
-1460,6,Caldera,False,False,Taupo (New Zealand)
1000,7,Estratovolcán,False,False,Changbaishan (China-E)
1727,4,Estratovolcán,False,False,Oraefajokull (Iceland-SE)
1826,3,Estratovolcán,False,False,Kelut (Java)
1868,2,Volcán en escudo,True,True,Mauna Loa (Hawaiian Is)
1869,2,Estratovolcán,False,False,Lewotobi (Lesser Sunda Is)
1895,2,Caldera,False,False,Dakataua (New Britain-SW Pac)
1900,2,Estratovolcán,False,False,Adatara (Honshu-Japan)
1900,,Cono de piedra pómez,False,False,Tullu Moje (Africa-NE)
1902,2,Estratovolcán,False,False,Merapi (Java)
1907,2,Estratovolcán,False,False,Lewotobi (Lesser Sunda Is)
1913,2,Estratovolcán,True,True,Awu (Sangihe Is-Indonesia)
1930,3,Volcán complejo,False,False,Asama (Honshu-Japan)
1932,,Estratovolcán,False,False,Merapi (Java)
1938,1,Volcán en escudo,True,False,Nyamuragira (Africa-C)
1938,2,Estratovolcán,False,False,Mayon (Luzon-Philippines)
1954,,Estratovolcán,False,False,Camiguin (Mindanao-Philippines)
1958,2,Estratovolcán,False,False,Mahawu (Sulawesi-Indonesia)
1961,,Estratovolcán,False,False,Tate-yama (Honshu-Japan)
1964,2,Estratovolcán,False,False,Paluweh (Lesser Sunda Is)
1992,4,Estratovolcán,False,False,Spurr (Alaska-SW)
1995,,Estratovolcán,False,False,Parker (Mindanao-Philippines)
1998,,Estratovolcán,False,False,Kelut (Java)
2000,3,Estratovolcán,False,False,Arenal (Costa Rica)
2010,1,Volcán complejo,False,False,Pacaya (Guatemala)
2010,,Estratovolcán,False,False,Merapi (Java)
2011,,Estratovolcán,False,False,Lokon-Empung (Sulawesi-Indonesia)
2013,,Estratovolcán,False,False,Merapi (Java)
2016,,Estratovolcán,False,False,Rinjani (Lesser Sunda Is)
2018,,Volcán en escudo,False,False,Kilauea (Hawaiian Is)
-4050,6,Caldera,False,False,Masaya (Nicaragua)
-2420,5,Volcán complejo,False,False,Vesuvius (Italy)
79,5,Volcán complejo,True,True,Vesuvius (Italy)
1375,5,Cono de toba,False,False,"Chichon, El (Mexico)"
1376,3,Estratovolcán,False,False,Kelut (Java)
1538,3,Caldera,False,False,Campi Flegrei (Italy)
1664,2,Volcán complejo,False,False,Unzen (Kyushu-Japan)
1698,3,Estratovolcán,False,False,Cotopaxi (Ecuador)
1775,3,Estratovolcán,False,False,Gamalama (Halmahera-Indonesia)
1800,2,Estratovolcán,False,False,Mayon (Luzon-Philippines)
1822,4,Estratovolcán,False,False,Usu (Hokkaido-Japan)
1822,5,Estratovolcán,False,False,Galunggung (Java)
1840,2,Estratovolcán,True,False,Gamalama (Halmahera-Indonesia)
1874,3,Estratovolcán,False,False,Miyake-jima (Izu Is-Japan)
1911,,Volcán de lodo,True,False,Piparo (Trinidad)
1911,3,Estratovolcán,False,False,Semeru (Java)
1916,3,Estratovolcán,True,False,Stromboli (Italy)
1928,2,Volcán complejo,False,False,Dieng Volc Complex (Java)
1933,2,Estratovolcán,True,False,Bulusan (Luzon-Philippines)
1944,2,Estratovolcán,False,False,Usu (Hokkaido-Japan)
1953,,Estratovolcán,False,False,Ruapehu (New Zealand)
1966,4,Estratovolcán,False,False,Kelut (Java)
1966,4,Estratovolcán,False,False,"Lengai, Ol Doinyo (Africa-E)"
1969,,Caldera,False,False,Narugo (Honshu-Japan)
1971,3,Estratovolcán,False,False,"Hudson, Cerro (Chile-S)"
1973,2,Volcán complejo,False,False,Iliwerung (Lesser Sunda Is)
1979,2,Estratovolcán,False,False,Karkar (New Guinea-NE of)
1981,2,Estratovolcán,False,False,Etna (Italy)
1982,5,Cono de toba,False,True,"Chichon, El (Mexico)"
1993,2,Volcán complejo,False,False,Galeras (Colombia)
2002,3,Estratovolcán,False,True,Etna (Italy)
2008,,Estratovolcán,False,False,Huila (Colombia)
2011,4,Estratovolcán,False,False,Puyehue (Chile-C)
2013,,Domo de lava,False,False,Okataina (New Zealand)
2014,3,Volcán complejo,False,False,On-take (Honshu-Japan)
2014,,Estratovolcán,False,False,Gamalama (Halmahera-Indonesia)
2018,,Estratovolcán,False,False,Mayon (Luzon-Philippines)
2018,4,Estratovolcán,False,False,Manam (New Guinea-NE of)
-4360,6,Caldera,False,False,Macauley Island (Kermadec Is)
-4000,6,Caldera,False,False,Pago (New Britain-SW Pac)
-50,6,Escudo piroclástico,False,False,Apoyeque (Nicaragua)
46,3,Volcán en escudo,True,False,Santorini (Greece)
500,,Campo volcánico,False,False,"Arhab, Harra of (Arabia-S)"
787,3,Volcán complejo,False,False,Vesuvius (Italy)
1536,3,Estratovolcán,False,False,Etna (Italy)
1690,,Volcán complejo,True,False,Vesuvius (Italy)
1726,1,Estratovolcán,False,False,Bardarbunga (Iceland-NE)
1730,3,Estratovolcán,False,False,Raung (Java)
1742,3,Estratovolcán,False,False,Cotopaxi (Ecuador)
1749,3,Estratovolcán,True,True,Taal (Luzon-Philippines)
1848,2,Estratovolcán,False,False,Kelut (Java)
1861,3,Estratovolcán,False,True,Dubbi (Africa-NE)
1892,2,Caldera,True,False,Tofua (Tonga-SW Pacific)
1897,3,Estratovolcán,False,False,Mayon (Luzon-Philippines)
1902,,Estratovolcán,True,False,Pelee (W Indies)
1912,3,Volcán en escudo,False,False,Nyamuragira (Africa-C)
1919,1,Estratovolcán,False,False,Popocatepetl (Mexico)
1919,,volcán submarino,True,False,Banua Wuhu (Sangihe Is-Indonesia)
1923,2,Volcanes submarinos,True,True,"Cendres, Ile des (SE Asia)"
1929,2,Estratovolcán,False,False,Etna (Italy)
1939,2,Estratovolcán,False,False,Tori-shima (Izu Is-Japan)
1940,2,Estratovolcán,False,False,Karangetang [Api Siau] (Sangihe Is-Indonesia)
1947,2,Volcán complejo,False,False,Asama (Honshu-Japan)
1957,2,Estratovolcán,False,False,Oshima (Izu Is-Japan)
1979,2,Caldera,False,False,Aso (Kyushu-Japan)
1980,,Estratovolcán,False,False,Hood (US-Oregon)
1989,,Volcán en escudo,False,False,Kirishima (Kyushu-Japan)
1994,1,Caldera,False,False,Aso (Kyushu-Japan)
2001,3,Estratovolcán,False,False,Etna (Italy)
2011,2,Estratovolcán,False,False,Bulusan (Luzon-Philippines)
2014,,Estratovolcán,False,False,Kelut (Java)
-1370,6,Caldera,False,False,Pago (New Britain-SW Pac)
710,6,Caldera,False,False,Pago (New Britain-SW Pac)
1853,3,Estratovolcán,False,False,Mayon (Luzon-Philippines)
1872,4,Estratovolcán,False,False,Merapi (Java)
1878,3,Estratovolcán,True,False,Yasur (Vanuatu-SW Pacific)
1905,2,Volcán en escudo,True,False,Savai'i (Samoa-SW Pacific)
1918,4,Volcán subglacial,False,False,Katla (Iceland-S)
1944,2,Estratovolcán,True,False,Stromboli (Italy)
1952,2,volcán submarino,True,False,Myojun Knoll (Izu Is-Japan)
1955,4,Cono piroclástico,False,False,Carran-Los Venados (Chile-C)
1961,3,Estratovolcán,False,False,Merapi (Java)
1975,3,Estratovolcán,False,False,Arenal (Costa Rica)
1980,3,Estratovolcán,False,False,Hekla (Iceland-S)
1981,2,Estratovolcán,False,False,Paluweh (Lesser Sunda Is)
1988,,Volcán complejo,False,False,Akita-Yake-yama (Honshu-Japan)
1991,2,Volcán en escudo,False,False,Karthala (Indian O-W)
1994,3,Estratovolcán,False,False,Merapi (Java)
1995,1,Estratovolcán,False,False,Yake-dake (Honshu-Japan)
2002,,Estratovolcán,True,False,Stromboli (Italy)
2003,3,Estratovolcán,True,False,Soufriere Hills (W Indies)
2010,3,Estratovolcán,False,False,Tungurahua (Ecuador)
2018,2,Estratovolcán,False,False,Fuego (Guatemala)
-1050,6,Estratovolcán,False,False,Pinatubo (Luzon-Philippines)
764,4,Estratovolcán,False,False,Sakura-jima (Kyushu-Japan)
766,3,Estratovolcán,True,True,Sakura-jima (Kyushu-Japan)
1760,4,Estratovolcán,False,False,Makian (Halmahera-Indonesia)
1766,4,Estratovolcán,False,False,Hekla (Iceland-S)
1790,4,Volcán en escudo,False,False,Kilauea (Hawaiian Is)
1803,2,Volcán complejo,False,False,Asama (Honshu-Japan)
1813,2,Volcán complejo,True,False,Vesuvius (Italy)
1825,3,Estratovolcán,False,False,Shishaldin (Aleutian Is)
1869,2,Estratovolcán,False,False,Lamongan (Java)
1883,,Caldera,True,False,Krakatau (Indonesia)
1900,2,Volcán complejo,False,False,Asama (Honshu-Japan)
1914,,Estratovolcán,False,False,White Island (New Zealand)
1928,3,Estratovolcán,True,False,Paluweh (Lesser Sunda Is)
1952,2,volcán submarino,True,False,Myojun Knoll (Izu Is-Japan)
1953,0,Volcán complejo,False,False,Sirung (Lesser Sunda Is)
1963,2,Estratovolcán,False,False,Villarrica (Chile-C)
1976,2,Estratovolcán,False,False,Merapi (Java)
1977,3,Estratovolcán,False,False,Usu (Hokkaido-Japan)
1980,5,Estratovolcán,True,True,St. Helens (US-Washington)
1981,,Estratovolcán,False,False,Vilyuchik (Kamchatka)
1985,3,Estratovolcán,False,False,Ruiz (Colombia)
1990,3,Estratovolcán,False,False,Shiveluch (Kamchatka)
1990,3,Estratovolcán,False,False,Santa Maria (Guatemala)
1995,3,Estratovolcán,False,False,Yasur (Vanuatu-SW Pacific)
2006,1,Estratovolcán,False,False,Merapi (Java)
2010,2,Estratovolcán,False,False,Eyjafjallajokull (Iceland-S)
2010,3,Estratovolcán,False,False,Tungurahua (Ecuador)
2011,,Volcán subglacial,False,False,Katla (Iceland-S)
2015,,Estratovolcán,False,False,Sinabung (Sumatra)
2018,2,Escudo piroclástico,False,True,Ambrym (Vanuatu-SW Pacific)
2019,4,Estratovolcán,False,False,Manam (New Guinea-NE of)
-3550,6,Estratovolcán,False,False,Pinatubo (Luzon-Philippines)
1050,,Volcán en escudo,True,False,Santorini (Greece)
1177,3,Volcán subglacial,False,False,Katla (Iceland-S)
1595,4,Estratovolcán,False,False,Ruiz (Colombia)
1598,3,Caldera,False,False,Banda Api (Banda Sea)
1638,4,Estratovolcán,False,False,Raung (Java)
1659,3,Estratovolcán,False,True,San Salvador (El Salvador)
1684,2,Caldera,False,False,Grimsvotn (Iceland-NE)
1693,4,Estratovolcán,True,False,Hekla (Iceland-S)
1694,3,Caldera,False,False,Banda Api (Banda Sea)
1794,3,Volcán complejo,False,False,Vesuvius (Italy)
1800,1,Respiradero de fisura,False,False,San Jorge (Azores)
1816,2,Caldera,False,False,Aso (Kyushu-Japan)
1817,2,Estratovolcán,False,False,Ijen (Java)
1825,,Estratovolcán,False,False,Balbi (Bougainville-SW Paci)
1846,1,Estratovolcán,False,False,E-san (Hokkaido-Japan)
1875,,Estratovolcán,False,False,Mayon (Luzon-Philippines)
1889,2,volcán submarino,True,True,Banua Wuhu (Sangihe Is-Indonesia)
1912,6,Caldera,False,False,Novarupta (Alaska Peninsula)
1953,,Volcán complejo,False,False,Hakone (Honshu-Japan)
1961,,Estratovolcán,False,False,Daisetsu (Hokkaido-Japan)
1964,1,Volcán complejo,False,False,Dieng Volc Complex (Java)
1965,0,volcán submarino,True,False,Kick-'em-Jenny (W Indies)
1971,2,Estratovolcán,True,False,Tinakula (Santa Cruz Is-SW Pac)
1976,2,Estratovolcán,False,False,Semeru (Java)
1976,2,Estratovolcán,False,False,Karangetang [Api Siau] (Sangihe Is-Indonesia)
1978,3,Estratovolcán,False,False,Santa Maria (Guatemala)
1983,2,Estratovolcán,False,False,Kliuchevskoi (Kamchatka)
1986,3,Estratovolcán,False,False,Oshima (Izu Is-Japan)
1992,2,Estratovolcán,False,False,Karangetang [Api Siau] (Sangihe Is-Indonesia)
2002,3,Estratovolcán,False,False,Karangetang [Api Siau] (Sangihe Is-Indonesia)
2013,3,Estratovolcán,False,False,Paluweh (Lesser Sunda Is)
2013,2,Estratovolcán,False,False,Sinabung (Sumatra)
2017,2,Estratovolcán,False,False,Sinabung (Sumatra)
2018,1,Caldera,True,False,Krakatau (Indonesia)
2019,,Estratovolcán,False,False,Ulawun (New Britain-SW Pac)
450,6,Caldera,False,False,Ilopango (El Salvador)
1565,3,Volcán complejo,False,True,Pacaya (Guatemala)
1716,3,Volcán en escudo,False,False,Kirishima (Kyushu-Japan)
1721,1,Volcán complejo,False,False,Asama (Honshu-Japan)
1762,2,Estratovolcán,False,False,Kliuchevskoi (Kamchatka)
1784,,Estratovolcán,False,False,Sabancaya (Peru)
1786,2,Volcán complejo,False,False,Dieng Volc Complex (Java)
1800,,Volcán complejo,False,False,Guntur (Java)
1800,0,Volcán en escudo,False,False,Hualalai (Hawaiian Is)
1839,2,volcán submarino,True,False,Unnamed (Chile-Is)
1861,2,Caldera,False,False,Grimsvotn (Iceland-NE)
1878,3,Escudo piroclástico,True,True,Rabaul (New Britain-SW Pac)
1901,3,Estratovolcán,False,False,Kelut (Java)
1911,3,Estratovolcán,True,True,Taal (Luzon-Philippines)
1917,3,Estratovolcán,False,False,"Lengai, Ol Doinyo (Africa-E)"
1921,,Estratovolcán,False,False,Nasu (Honshu-Japan)
1933,,Volcán complejo,False,False,Hakone (Honshu-Japan)
1941,2,Estratovolcán,False,False,Semeru (Java)
1944,2,Estratovolcán,False,False,Usu (Hokkaido-Japan)
1947,4,Estratovolcán,False,False,Hekla (Iceland-S)
1976,,Estratovolcán,False,False,Kusatsu-Shirane (Honshu-Japan)
1979,2,Estratovolcán,False,False,Etna (Italy)
1982,4,Estratovolcán,False,False,Galunggung (Java)
1988,3,Estratovolcán,False,False,Arenal (Costa Rica)
2005,,Volcán en escudo,False,False,Karthala (Indian O-W)
2010,,Estratovolcán,False,False,Tengger Caldera (Java)
200,,Campo volcánico,False,False,"Arhab, Harra of (Arabia-S)"
640,2,Campo volcánico,False,False,"Uwayrid, Harrat (Arabia-W)"
1169,,Estratovolcán,True,False,Etna (Italy)
1600,6,Estratovolcán,False,True,Huaynaputina (Peru)
1629,2,Caldera,False,False,Grimsvotn (Iceland-NE)
1717,3,Estratovolcán,False,False,Bardarbunga (Iceland-NE)
1778,4,Estratovolcán,False,False,Raikoke (Kuril Is)
1789,2,Estratovolcán,False,False,Oshima (Izu Is-Japan)
1805,2,Volcán complejo,False,False,Vesuvius (Italy)
1829,2,Volcán complejo,False,False,Guntur (Java)
1837,,Volcán complejo,True,True,Peuet Sague (Sumatra)
1853,2,volcán submarino,True,False,Unnamed (Taiwan-E of)
1854,2,Caldera,False,False,Aso (Kyushu-Japan)
1860,2,Estratovolcán,False,False,Semeru (Java)
1871,2,Estratovolcán,True,True,Camiguin (Mindanao-Philippines)
1875,5,Estratovolcán,False,False,Askja (Iceland-NE)
1886,4,Estratovolcán,False,False,Tungurahua (Ecuador)
1886,2,Domo de lava,False,False,Okataina (New Zealand)
1893,4,Estratovolcán,False,False,Calbuco (Chile-S)
1951,3,Estratovolcán,False,False,Camiguin (Mindanao-Philippines)
1953,2,volcán submarino,True,False,Myojun Knoll (Izu Is-Japan)
1957,,Volcán complejo,False,False,Unzen (Kyushu-Japan)
1981,3,Estratovolcán,False,False,Semeru (Java)
1993,,Estratovolcán,False,False,Wurlali (Banda Sea)
1993,1,Estratovolcán,False,False,Pinatubo (Luzon-Philippines)
1996,2,Estratovolcán,False,False,Kanlaon (Philippines-C)
2013,,Estratovolcán,False,False,Mayon (Luzon-Philippines)
2017,,Estratovolcán,False,False,Etna (Italy)
2017,,Volcán complejo,False,False,Dieng Volc Complex (Java)
-141,,Estratovolcán,False,False,Etna (Italy)
1262,3,Volcán subglacial,False,False,Katla (Iceland-S)
1300,4,Estratovolcán,False,False,Hekla (Iceland-S)
1331,2,Caldera,False,False,Aso (Kyushu-Japan)
1714,,Volcán complejo,True,False,Vesuvius (Italy)
1907,,Volcán en escudo,True,False,Savai'i (Samoa-SW Pacific)
1911,2,Volcán complejo,False,False,Asama (Honshu-Japan)
1913,4,Estratovolcán,False,False,Colima (Mexico)
1944,3,Estratovolcán,False,False,Cleveland (Aleutian Is)
1952,2,volcán submarino,True,False,Myojun Knoll (Izu Is-Japan)
1960,3,Estratovolcán,True,True,Puyehue (Chile-C)
1971,2,Estratovolcán,False,False,La Palma (Canary Is)
1972,1,Estratovolcán,True,False,Ritter Island (New Guinea-NE of)
1979,3,Estratovolcán,False,False,Soufriere St. Vincent (W Indies)
1983,3,Estratovolcán,False,True,Miyake-jima (Izu Is-Japan)
1984,3,Estratovolcán,False,False,Etna (Italy)
1990,2,Caldera,False,False,Aso (Kyushu-Japan)
1991,2,Estratovolcán,False,False,Etna (Italy)
1994,3,Estratovolcán,False,False,Semeru (Java)
2007,,Estratovolcán,False,False,Salak (Java)
2017,2,Estratovolcán,False,False,Fuego (Guatemala)
2017,,Volcán en escudo,False,False,Aoba (Vanuatu-SW Pacific)
2018,3,Volcán en escudo,False,False,Aoba (Vanuatu-SW Pacific)
2019,2,Estratovolcán,True,False,Stromboli (Italy)
-1550,,Estratovolcán,False,False,Redoubt (Alaska-SW)
-250,6,Estratovolcán,False,False,Raoul Island (Kermadec Is)
1640,5,Estratovolcán,True,True,Komaga-take (Hokkaido-Japan)
1785,3,Estratovolcán,False,False,Aoga-shima (Izu Is-Japan)
1812,3,Estratovolcán,False,False,Awu (Sangihe Is-Indonesia)
1853,0,Volcán en escudo,False,False,Niuafo'ou (Tonga-SW Pacific)
1892,2,Estratovolcán,False,False,Sorikmarapi (Sumatra)
1917,3,Estratovolcán,False,False,Calbuco (Chile-S)
1938,1,Volcán complejo,False,False,Asama (Honshu-Japan)
1941,2,Volcán complejo,False,False,Asama (Honshu-Japan)
1943,4,Cono de ceniza,False,False,Michoacan-Guanajuato (Mexico)
1944,2,Volcán complejo,False,False,Dieng Volc Complex (Java)
1953,1,Estratovolcán,False,False,Oshima (Izu Is-Japan)
1973,,Estratovolcán,False,False,"Hudson, Cerro (Chile-S)"
1990,2,Caldera,False,False,Aso (Kyushu-Japan)
1991,6,Estratovolcán,False,True,Pinatubo (Luzon-Philippines)
1992,1,Estratovolcán,False,False,Pinatubo (Luzon-Philippines)
1995,2,Estratovolcán,False,False,Fogo (Cape Verde Is)
1996,3,Estratovolcán,False,False,Manam (New Guinea-NE of)
2000,,Volcán en escudo,False,False,Kilauea (Hawaiian Is)
2005,3,Estratovolcán,False,False,Santa Ana (El Salvador)
2006,2,Estratovolcán,True,False,Soufriere Hills (W Indies)
2015,,Estratovolcán,False,False,Calbuco (Chile-S)
2017,,Caldera,False,False,Campi Flegrei (Italy)
2018,,Estratovolcán,False,False,Kadovar (New Guinea-NE of)
2018,,Estratovolcán,False,False,Ijen (Java)
-4350,7,Caldera,False,False,Kikai (Ryukyu Is)
934,4,Volcán subglacial,False,False,Katla (Iceland-S)
1250,,Estratovolcán,False,False,Fentale (Africa-NE)
1389,3,Estratovolcán,False,False,Hekla (Iceland-S)
1471,5,Estratovolcán,False,False,Sakura-jima (Kyushu-Japan)
1500,4,Volcán subglacial,False,False,Katla (Iceland-S)
1590,3,Estratovolcán,False,False,Colima (Mexico)
1596,2,Volcán complejo,False,False,Asama (Honshu-Japan)
1606,2,Estratovolcán,True,False,Hachijo-jima (Izu Is-Japan)
1712,2,Estratovolcán,False,False,Bardarbunga (Iceland-NE)
1716,2,Estratovolcán,False,False,Bardarbunga (Iceland-NE)
1737,2,Volcán complejo,False,False,Vesuvius (Italy)
1779,4,Estratovolcán,False,False,Sakura-jima (Kyushu-Japan)
1783,4,Volcán complejo,False,False,Asama (Honshu-Japan)
1822,3,Estratovolcán,False,False,Merapi (Java)
1840,3,Estratovolcán,False,False,Tinakula (Santa Cruz Is-SW Pac)
1845,2,Estratovolcán,True,True,Soputan (Sulawesi-Indonesia)
1847,2,Estratovolcán,False,False,Fogo (Cape Verde Is)
1856,3,Estratovolcán,True,True,Awu (Sangihe Is-Indonesia)
1861,4,Estratovolcán,False,False,Makian (Halmahera-Indonesia)
1903,1,Domo de lava,False,False,Okataina (New Zealand)
1951,,Volcán complejo,False,False,Hakone (Honshu-Japan)
1954,2,Estratovolcán,False,False,Bam (New Guinea-NE of)
1958,,Estratovolcán,False,False,Daisetsu (Hokkaido-Japan)
1962,2,Estratovolcán,False,False,Gamalama (Halmahera-Indonesia)
1969,2,Estratovolcán,False,False,Merapi (Java)
1973,3,Estratovolcán,False,False,Paluweh (Lesser Sunda Is)
1974,3,Estratovolcán,False,False,Sakura-jima (Kyushu-Japan)
1978,,Estratovolcán,False,False,Tangkubanparahu (Java)
1983,4,Estratovolcán,False,False,Colo [Una Una] (Sulawesi-Indonesia)
1987,2,Estratovolcán,False,False,Etna (Italy)
1994,3,Estratovolcán,False,False,Rinjani (Lesser Sunda Is)
1996,3,Caldera,False,False,Grimsvotn (Iceland-NE)
1997,3,Estratovolcán,False,False,Soufriere Hills (W Indies)
1999,3,Estratovolcán,False,False,Guagua Pichincha (Ecuador)
2001,2,Estratovolcán,False,False,Merapi (Java)
2002,1,Estratovolcán,False,False,Nyiragongo (Africa-C)
2011,,Estratovolcán,False,False,Karangetang [Api Siau] (Sangihe Is-Indonesia)
2012,,Volcán en escudo,False,False,Kilauea (Hawaiian Is)
2012,,Volcán en escudo,False,False,Kilauea (Hawaiian Is)
1631,,Volcán en escudo,False,True,Dama Ali (Africa-NE)
1659,4,Estratovolcán,True,False,Teon (Banda Sea)
1664,,Volcán complejo,True,False,Iwo-Tori-shima (Ryukyu Is)
1707,,Volcán en escudo,True,False,Santorini (Greece)
1729,2,Caldera,False,False,Krafla (Iceland-NE)
1780,4,Estratovolcán,False,False,Sakura-jima (Kyushu-Japan)
1835,,Caldera,False,True,Banda Api (Banda Sea)
1843,,Estratovolcán,True,False,Soufriere Guadeloupe (W Indies)
1854,5,Estratovolcán,False,False,Shiveluch (Kamchatka)
1856,,Estratovolcán,True,False,Shishaldin (Aleutian Is)
1860,2,Estratovolcán,False,False,Fuego (Guatemala)
1868,,Estratovolcán,True,True,Etna (Italy)
1872,4,Estratovolcán,False,False,Merapi (Java)
1875,0,Estratovolcán,False,False,Kelut (Java)
1878,,Estratovolcán,True,True,Yasur (Vanuatu-SW Pacific)
1909,2,Estratovolcán,False,True,"Cameroon, Mt. (Africa-W)"
1914,3,Caldera,False,False,Pago (New Britain-SW Pac)
1917,1,Domo de lava,False,False,Okataina (New Zealand)
1930,2,Caldera,True,False,Krakatau (Indonesia)
1930,3,Estratovolcán,True,False,Stromboli (Italy)
1934,,Estratovolcán,False,False,Hood (US-Oregon)
1946,4,Estratovolcán,True,False,Sarychev Peak (Kuril Is)
1954,,Estratovolcán,True,False,Stromboli (Italy)
1955,3,Estratovolcán,False,False,Sakura-jima (Kyushu-Japan)
1962,,Estratovolcán,False,False,Merapi (Java)
1990,4,Estratovolcán,False,False,Kelut (Java)
1993,1,Volcán complejo,False,False,Unzen (Kyushu-Japan)
2010,3,Estratovolcán,False,False,Karangetang [Api Siau] (Sangihe Is-Indonesia)
2014,,Volcán en escudo,False,False,Kilauea (Hawaiian Is)
2016,,Estratovolcán,False,False,Sinabung (Sumatra)
2019,4,Estratovolcán,False,False,Manam (New Guinea-NE of)
2019,,Estratovolcán,False,False,Sinabung (Sumatra)
